mode,rank,rank_biggest,agency,ntd_id,city,state,type_of_service,breakdown_rate,vehicle_passenger_car_miles,total_mechanical_failures,rank_2022,rank_2022_10_biggest
CR,1,1,MTA Metro-North Railroad,20078,New York,NY,DO,1320043.358490566,69962298,53,3,1
CR,2,,Virginia Railway Express,30073,Alexandria,VA,PT,1255530.5,2511061,2,2,NA
CR,3,2,Metra,50118,Chicago,IL,PT,384764.31666666665,23085859,60,7,4
CR,4,3,MTA Long Island Rail Road,20100,New York,NY,DO,357728.8461538461,83708550,234,5,2
CR,5,,South Shore Line,50104,Chesterton,IN,DO,342092.1666666667,2052553,6,4,NA
CR,6,4,Metra,50118,Chicago,IL,DO,336457.9344262295,20523934,61,6,3
CR,7,,Trinity Metro,60007,Fort Worth,TX,PT,251477.1,2514771,10,8,NA
CR,8,,Pennsylvania Department of Transportation,30057,Harrisburg,PA,PT,235586.0,2120274,9,10,NA
CR,9,5,Caltrain,90134,San Carlos,CA,PT,175356.6,7014264,40,12,5
CR,10,,Altamont Corridor Express,90182,Stockton,CA,PT,171179.83333333334,1027079,6,9,NA
CR,11,,Connecticut Department of Transportation,10102,Newington,CT,PT,139438.0909090909,1533819,11,28,NA
CR,12,,North County Transit District,90030,Oceanside,CA,DO,135457.38461538462,1760946,13,,
CR,13,6,New Jersey Transit Corporation,20080,Newark,NJ,DO,134716.69871794872,63047415,468,13,6
CR,14,7,Metrolink,90151,Los Angeles,CA,PT,109902.67289719626,11759586,107,15,7
CR,15,,Sound Transit,00040,Seattle,WA,PT,105863.0625,1693809,16,17,NA
CR,16,,Metro Transit,50027,Minneapolis,MN,PT,101760.5,203521,2,11,NA
CR,17,8,Massachusetts Bay Transportation Authority,10003,Boston,MA,PT,93931.03448275862,24516000,261,18,8
CR,18,9,Southeastern Pennsylvania Transportation Authority,30019,Philadelphia,PA,DO,75522.76623376623,17445759,231,23,10
CR,19,,Utah Transit Authority,80001,Salt Lake City,UT,DO,74174.28846153847,3857063,52,16,NA
CR,20,,Dallas Area Rapid Transit,60056,Dallas,TX,PT,64635.357142857145,1809790,28,22,NA
CR,21,10,RTD-Denver,80006,Denver,CO,PT,56820.12871287129,5738833,101,25,NA
CR,22,11,MTA,30034,Baltimore,MD,PT,53314.312,6664289,125,21,9
CR,23,,Tri-Rail,40077,Pompano Beach,FL,PT,34455.0462962963,3721145,108,27,NA
CR,24,,RTD-Denver,80006,Denver,CO,DO,11423.985074626866,765407,67,24,NA
HR,1,1,Washington Metro,30030,Washington,DC,DO,205988.03856749312,74773658,363,1,1
HR,2,2,SF BART,90003,Oakland,CA,DO,141023.72222222222,86306518,612,2,2
HR,3,3,Metro,90154,Los Angeles,CA,DO,88559.56338028169,6287729,71,5,4
HR,4,, MTA Staten Island Railway,20099,Staten Island,NY,DO,69486.65,2779466,40,4,NA
HR,5,4,Port Authority Trans-Hudson Corporation,20098,New York,NY,DO,54684.93939393939,12632221,231,6,5
HR,6,5,Southeastern Pennsylvania Transportation Authority,30019,Philadelphia,PA,DO,39882.04960835509,15274825,383,3,3
HR,7,6,Metropolitan Atlanta Rapid Transit Authority,40022,Atlanta,GA,DO,19243.18860103627,18569677,965,8,7
HR,8,7,Port Authority Transit Corporation,20075,Camden,NJ,DO,18655.072289156626,4645113,249,10,NA
HR,9,8,MTA New York City Transit,20008,Brooklyn,NY,DO,16930.161079274116,354517573,20940,9,8
HR,10,,The Greater Cleveland Regional Transit Authority,50015,Cleveland,OH,DO,10034.591304347827,2307956,230,13,NA
HR,11,9,Chicago Transit Authority,50066,Chicago,IL,DO,7383.133255269321,63051958,8540,11,9
HR,12,10,MTA,30034,Baltimore,MD,DO,6109.89119804401,4997891,818,12,NA
HR,13,,City and County of Honolulu,90002,Honolulu,HI,PT,5432.0,5432,1,,
HR,14,,Autoridad de Transporte Integrado,40094,San Juan,PR,PT,3792.8026565464897,1998807,527,14,NA
HR,15,11,County of Miami-Dade,40034,Miami,FL,DO,2895.4893617021276,7620928,2632,15,10
LR,1,1,Dallas Area Rapid Transit,60056,Dallas,TX,DO,177916.6551724138,10319166,58,3,3
LR,2,2,Metro,90154,Los Angeles,CA,DO,42139.043956043955,15338612,364,1,1
LR,3,3,Sound Transit,00040,Seattle,WA,DO,34745.10569105691,8547296,246,4,4
LR,4,4,TriMet,00008,Portland,OR,DO,33556.9125,8053659,240,2,2
LR,5,5,RTD-Denver,80006,Denver,CO,DO,18166.01257861635,8665188,477,9,9
LR,6,6,Utah Transit Authority,80001,Salt Lake City,UT,DO,16848.18181818182,6486550,385,8,8
LR,7,7,(St. Louis) Metro,70006,Saint Louis,MO,DO,16676.67474048443,4819559,289,5,5
LR,8,8,San Diego Metropolitan Transit System,90026,San Diego,CA,DO,15438.68133174792,12983931,841,7,7
LR,9,,New Jersey Transit Corporation,20080,Newark,NJ,PT,12393.25988700565,2193607,177,15,NA
LR,10,,NFTA - Metro Bus & Rail,20004,Buffalo,NY,DO,12029.287878787878,793933,66,10,NA
LR,11,,METRO,60008,Houston,TX,DO,10477.33779264214,3132724,299,14,NA
LR,12,9,Metro Transit,50027,Minneapolis,MN,DO,9143.31690140845,3895053,426,6,6
LR,13,,The Greater Cleveland Regional Transit Authority,50015,Cleveland,OH,DO,9026.811320754718,478421,53,22,NA
LR,14,10,Sacramento RT,90019,Sacramento,CA,DO,8347.851598173516,3656359,438,12,NA
LR,15,,City of Charlotte North Carolina,40008,Charlotte,NC,DO,5359.249211356467,1698882,317,13,NA
LR,16,11,San Francisco Municipal Transportation Agency,90015,San Francisco,CA,DO,4642.886756238004,4837888,1042,20,10
LR,17,,Pittsburgh Regional Transit,30022,Pittsburgh,PA,DO,4052.484593837535,1446737,357,19,NA
LR,18,,New Jersey Transit Corporation,20080,Newark,NJ,DO,3774.7785714285715,528469,140,18,NA
LR,19,,MTA,30034,Baltimore,MD,DO,1654.4448628294783,3075613,1859,16,NA
LR,20,,Valley Transportation Authority,90013,San Jose,CA,DO,1487.3932291666667,3426954,2304,21,NA
MB,1,,Beaver County Transit Authority,30023,Rochester,PA,DO,682559.0,682559,1,3,NA
MB,2,,The B,60051,Corpus Christi,TX,DO,410591.3333333333,2463548,6,45,NA
MB,3,,GoLine,40104,Vero Beach,FL,PT,329020.6666666667,987062,3,4,NA
MB,4,,BCRTA,50157,Hamilton,OH,DO,269508.0,539016,2,7,NA
MB,5,,Santee Wateree RTA,40100,Sumter,SC,DO,255276.0,255276,1,256,NA
MB,6,,City of Long Beach,20006,Long Beach,NY,DO,231872.0,231872,1,12,NA
MB,7,,AC Transit,90014,Oakland,CA,PT,211363.0,422726,2,2,NA
MB,8,,Metropolitan Council,50154,Minneapolis,MN,PT,210838.83333333334,3795099,18,156,NA
MB,9,,Citrus Connection,40031,Lakeland,FL,PT,203713.33333333334,611140,3,,
MB,10,,the e,30013,Erie,PA,DO,187087.8,1870878,10,14,NA
MB,11,,City of Kokomo,50145,Kokomo,IN,DO,175858.0,175858,1,109,NA
MB,12,,County of Lackawanna Transit System,30025,Scranton,PA,DO,173816.66666666666,1042900,6,6,NA
MB,13,,Sun Metro,60006,El Paso,TX,DO,171238.1081081081,6335810,37,20,NA
MB,14,,Monterey-Salinas Transit,90062,Monterey,CA,PT,130438.5,782631,6,18,NA
MB,15,,CityBus,50051,Lafayette,IN,DO,102060.70588235294,1735032,17,19,NA
MB,16,,City of Commerce Transit,90043,Commerce,CA,DO,95172.4,475862,5,16,NA
MB,17,,Santa Maria Regional Transit,90087,Santa Maria,CA,PT,83054.90909090909,913604,11,13,NA
MB,18,,Salem-Keizer Transit or Cherriots,00025,Salem,OR,PT,82217.85714285714,575525,7,106,NA
MB,19,,Fayette Area Coordinated Transportation,30087,Uniontown,PA,DO,80925.0,485550,6,24,NA
MB,20,,Utah Transit Authority,80001,Salt Lake City,UT,PT,74570.2,372851,5,15,NA
MB,21,,Jefferson Transit,60088,Gretna,LA,PT,73299.83333333333,1759196,24,39,NA
MB,22,,Clermont Transportation Connection,50166,Batavia,OH,DO,72708.0,218124,3,,
MB,23,,Valley Transportation Authority,90013,San Jose,CA,PT,71677.66666666667,215033,3,,
MB,24,,Merrimack Valley Transit,10013,Haverhill,MA,PT,68887.96,1722199,25,55,NA
MB,25,,Putnam Area Rapid Transit,20096,Carmel,NY,PT,65630.42857142857,459413,7,58,NA
MB,26,,Tri Delta Transit,90162,Antioch,CA,PT,65303.45714285714,2285621,35,66,NA
MB,27,,Muncie Indiana Transit System,50054,Muncie,IN,DO,61345.333333333336,736144,12,33,NA
MB,28,, The M Transit,40044,Montgomery,AL,DO,59192.76190476191,1243048,21,68,NA
MB,29,,Sioux City Transit System,70012,Sioux City,IA,DO,56513.90909090909,621653,11,35,NA
MB,30,,Greenlink,40053,Greenville,SC,DO,56169.23529411765,954877,17,99,NA
MB,31,,Space Coast Area Transit,40063,Titusville,FL,DO,54875.51282051282,2140145,39,47,NA
MB,32,,"Golden Gate Bridge, Highway and Transportation District",90016,San Francisco,CA,DO,49680.425531914894,2334980,47,38,NA
MB,33,,Williamsburg Area Transit Authority,30076,Williamsburg,VA,DO,47054.333333333336,846978,18,23,NA
MB,34,,Kitsap Transit,00020,Bremerton,WA,DO,45901.28070175439,2616373,57,27,NA
MB,35,,Trinity Metro,60007,Fort Worth,TX,PT,45082.166666666664,270493,6,90,NA
MB,36,,LRTA,10005,Lowell,MA,PT,42519.434782608696,977947,23,52,NA
MB,37,,Connect Douglas,40082,Douglasville,GA,PT,42418.625,339349,8,56,NA
MB,38,,Intercity Transit,00019,Olympia,WA,DO,41559.66197183099,2950736,71,32,NA
MB,39,,Laredo Transit Management Inc.,60009,Laredo,TX,DO,37332.35555555556,1679956,45,42,NA
MB,40,,Jacksonville Transportation Authority,40040,Jacksonville,FL,PT,37162.5,222975,6,149,NA
MB,41,,Lebanon Transit,30095,Lebanon,PA,DO,37103.25,445239,12,8,NA
MB,42,,South Metro Area Regional Transit,00046,Wilsonville,OR,DO,36037.07142857143,504519,14,67,NA
MB,43,,Monterey-Salinas Transit,90062,Monterey,CA,DO,35599.984615384616,2313999,65,108,NA
MB,44,,Westmoreland County Transit Authority,30044,Greensburg,PA,DO,33622.23684210526,1277645,38,77,NA
MB,45,,North Carolina State University,40147,Raleigh,NC,PT,32370.833333333332,582675,18,28,NA
MB,46,,Coach USA,20166,Elizabeth,NJ,DO,32103.38888888889,577861,18,63,NA
MB,47,,City of Tallahassee,40036,Tallahassee,FL,PT,31115.5,62231,2,127,NA
MB,48,,Portage Area Regional Transportation Authority,50021,Kent,OH,DO,30208.56,755214,25,60,NA
MB,49,,AMTRAN,30011,Altoona,PA,DO,29402.736842105263,558652,19,61,NA
MB,50,,Licking County Transit,50163,Newark,OH,DO,29258.0,29258,1,,
MB,51,,LeeTran,40028,Fort Myers,FL,DO,29209.104166666668,2804074,96,53,NA
MB,52,,PGM VanGO,30088,La Plata,MD,PT,29063.85106382979,1366001,47,54,NA
MB,53,,(St. Louis) Metro,70006,Saint Louis,MO,DO,28550.05967078189,13875329,486,79,NA
MB,54,,SamTrans,90009,San Carlos,CA,PT,28105.238636363636,2473261,88,91,NA
MB,55,,Tri-Rail,40077,Pompano Beach,FL,PT,28014.0,112056,4,17,NA
MB,56,,MTA Flint,50032,Flint,MI,DO,27935.963768115944,3855163,138,119,NA
MB,57,,CATA,10053,Gloucester,MA,PT,27859.5,278595,10,43,NA
MB,58,,SamTrans,90009,San Carlos,CA,DO,27805.0,5727830,206,86,NA
MB,59,,Madison County Transit District,50146,Pontoon Beach,IL,PT,27624.4966442953,4116050,149,75,NA
MB,60,,Antelope Valley Transit Authority,90121,Lancaster,CA,PT,27241.466019417476,2805871,103,150,NA
MB,61,,GoTriangle,40108,Durham,NC,PT,27115.666666666668,244041,9,36,NA
MB,62,,Sonoma County Transit,90089,Santa Rosa,CA,PT,26830.144927536232,1851280,69,145,NA
MB,63,,Western Reserve Transit Authority,50024,Youngstown,OH,DO,26813.862068965518,1555204,58,80,NA
MB,64,,Livermore / Amador Valley Transit Authority,90144,Livermore,CA,PT,26750.4406779661,1578276,59,73,NA
MB,65,,Visalia Transit,90091,Visalia,CA,PT,26356.602941176472,1792249,68,37,NA
MB,66,,Yolo County Transportation District,90090,Woodland,CA,PT,26239.257142857143,1836748,70,93,NA
MB,67,,Napa Valley Transportation Authority,90088,Napa,CA,PT,25673.068965517243,744519,29,44,NA
MB,68,,Santa Rosa CityBus,90017,Santa Rosa,CA,PT,25572.0,25572,1,266,NA
MB,69,,Ventura County Transportation Commission,90164,Camarillo,CA,PT,24784.4,123922,5,46,NA
MB,70,,GoPasco,40074,New Port Richey,FL,DO,24417.555555555555,1538306,63,118,NA
MB,71,,County of Lackawanna Transit System,30025,Scranton,PA,PT,24400.333333333332,219603,9,71,NA
MB,72,,Saginaw Transit Authority Regional Service,50039,Saginaw,MI,DO,23616.20588235294,802951,34,164,NA
MB,73,,Greensboro Transit Agency,40093,Greensboro,NC,PT,23305.51,2330551,100,70,NA
MB,74,,Charleston Area Regional Transportation Authority,40110,North Charleston,SC,PT,23149.491071428572,2592743,112,144,NA
MB,75,,Ann Arbor Area Transportation Authority,50040,Ann Arbor,MI,DO,23050.668711656443,3757259,163,48,NA
MB,76,,Pinellas Suncoast Transit Authority,40027,Saint Petersburg,FL,DO,22122.0989010989,10065555,455,114,NA
MB,77,,Southeastern Pennsylvania Transportation Authority,30019,Philadelphia,PA,PT,22037.714285714286,154264,7,94,NA
MB,78,,Jacksonville Transportation Authority,40040,Jacksonville,FL,DO,21780.710455764074,8124205,373,96,NA
MB,79,,City of Grand Forks,80008,Grand Forks,ND,DO,21466.842105263157,407870,19,31,NA
MB,80,,City of Evansville,50043,Evansville,IN,DO,21440.25,1029132,48,98,NA
MB,81,,Green Bay Metro,50002,Green Bay,WI,DO,21205.032258064515,657356,31,78,NA
MB,82,,Collier Area Transit,40140,Naples,FL,PT,21088.614285714284,1476203,70,214,NA
MB,83,,Transit Authority of Northern Kentucky,40019,Covington,KY,DO,20799.23125,3327877,160,85,NA
MB,84,,Huntington Area Rapid Transit,20071,Huntington,NY,DO,20371.75,407435,20,359,NA
MB,85,,Bloomington Transit,50110,Bloomington,IN,DO,19928.375,956562,48,178,NA
MB,86,,County Connection,90078,Concord,CA,DO,19850.43076923077,2580556,130,189,NA
MB,87,,The Greater Cleveland Regional Transit Authority,50015,Cleveland,OH,DO,19666.189300411523,14336652,729,141,NA
MB,88,,Greater Attleboro-Taunton Regional Transit Authority,10064,Taunton,MA,PT,19545.3125,1250900,64,198,NA
MB,89,,Skagit Transit,00044,Burlington,WA,DO,19414.877551020407,951329,49,62,NA
MB,90,,Waukesha Metro Transit,50096,Waukesha,WI,DO,19217.55,768702,40,112,NA
MB,91,,New Jersey Transit Corporation,20080,Newark,NJ,PT,19173.414948453606,7439285,388,202,NA
MB,92,,Link Transit,00043,Wenatchee,WA,DO,19145.495495495496,2125150,111,92,NA
MB,93,,Dutchess County Public Transit,20010,Poughkeepsie,NY,DO,19008.090909090908,1254534,66,97,NA
MB,94,,Rock Region METRO,60033,North Little Rock,AR,DO,17612.371428571427,1849299,105,168,NA
MB,95,,Lower Rio Grande Valley Development Council,60090,Weslaco,TX,DO,17347.51818181818,1908227,110,9,NA
MB,96,,Topeka Metro,70014,Topeka,KS,DO,17335.744680851065,814780,47,155,NA
MB,97,,Broward County Transit Division,40029,Fort Lauderdale,FL,PT,17316.166666666668,311691,18,111,NA
MB,98,,Santa Fe Trails,60077,Santa Fe,NM,DO,17293.275862068964,501505,29,87,NA
MB,99,,Suffolk County Transit,20072,Yaphank,NY,PT,17224.715811965812,8061167,468,215,NA
MB,100,,King County Metro,00001,Seattle,WA,PT,16970.791666666668,1221897,72,217,NA
MB,101,,CobbLinc,40078,Marietta,GA,PT,16883.590909090908,3342951,198,51,NA
MB,102,,Santa Cruz Metropolitan Transit District,90006,Santa Cruz,CA,DO,16835.302816901407,2390613,142,139,NA
MB,103,,Scottsdale Trolley,90131,Scottsdale,AZ,PT,16702.5,601290,36,226,NA
MB,104,,Citilink,50044,Fort Wayne,IN,DO,16607.402298850575,1444844,87,179,NA
MB,105,,Billings Metropolitan Transit System,80004,Billings,MT,DO,16533.20512820513,644795,39,301,NA
MB,106,,Mountain Line,80009,Missoula,MT,DO,16336.706896551725,947529,58,289,NA
MB,107,,IndyGo,50050,Indianapolis,IN,PT,16309.875,130479,8,143,NA
MB,108,,Valley Metro,90032,Phoenix,AZ,PT,16072.870431893687,24189670,1505,159,NA
MB,109,,HARTransit,10051,Danbury,CT,DO,15988.969696969696,1055272,66,49,NA
MB,110,,Salem-Keizer Transit or Cherriots,00025,Salem,OR,DO,15959.30625,2553489,160,140,NA
MB,111,,Regional Transit System,40030,Gainesville,FL,DO,15943.375634517766,3140845,197,177,NA
MB,112,,Regional Transportation Commission of Southern Nevada,90045,Las Vegas,NV,PT,15816.245476003147,20102448,1271,136,NA
MB,113,,RTD-Denver,80006,Denver,CO,PT,15631.469489414694,12552070,803,160,NA
MB,114,,THE WAVE TRANSIT SYSTEM,40043,Mobile,AL,DO,15495.534246575342,1131174,73,162,NA
MB,115,,"Waco Transit System, Inc.",60012,Waco,TX,DO,15479.941176470587,789477,51,107,NA
MB,116,,County of Rockland,20084,New City,NY,PT,15296.322147651006,2279152,149,170,NA
MB,117,,Chapel Hill Transit,40051,Chapel Hill,NC,DO,15013.983739837398,1846720,123,125,NA
MB,118,,EMBARK,60017,Oklahoma City,OK,DO,14959.322869955156,3335929,223,132,NA
MB,119,,North County Transit District,90030,Oceanside,CA,PT,14809.907407407407,5598145,378,206,NA
MB,120,,Whatcom Transportation Authority,00021,Bellingham,WA,DO,14750.844155844155,2271630,154,157,NA
MB,121,,Merced The Bus,90173,Merced,CA,PT,14739.796610169491,1739296,118,213,NA
MB,122,,Rogue Valley Transportation District,00034,Medford,OR,DO,14572.89010989011,1326133,91,163,NA
MB,123,,Loudoun County Transit,30081,Leesburg,VA,PT,14502.471074380166,1754799,121,122,NA
MB,124,,Regional Transportation Commission of Washoe County,90001,Reno,NV,PT,14487.897435897436,2825140,195,151,NA
MB,125,,Milford Transit District,10107,Milford,CT,DO,14452.25,289045,20,102,NA
MB,126,,Chatham Area Transit Authority,40025,Savannah,GA,DO,14029.050420168067,1669457,119,26,NA
MB,127,,Victoria Transit,60095,Victoria,TX,DO,13960.208333333334,335045,24,113,NA
MB,128,,GoRaleigh,40007,Raleigh,NC,PT,13870.577464788732,3939244,284,184,NA
MB,129,,"Western Maine Transportation Services, Inc.",10098,Auburn,ME,DO,13586.785714285714,190215,14,169,NA
MB,130,,Cape Cod Regional Transit Authority,10105,Hyannis,MA,PT,13412.57142857143,1689984,126,142,NA
MB,131,,Pioneer Valley Transit Authority,10008,Springfield,MA,PT,13215.005376344086,4915982,372,382,NA
MB,132,,MATBUS,50026,Moorhead,MN,PT,12929.485714285714,452532,35,175,NA
MB,133,,Pace Suburban Bus,50113,Arlington Heights,IL,DO,12853.013953488373,24870582,1935,176,NA
MB,134,,Metropolitan Area Transit,80003,Fargo,ND,PT,12658.11475409836,772145,61,196,NA
MB,135,,RTD-Denver,80006,Denver,CO,DO,12655.820258948972,16617092,1313,180,NA
MB,136,,Sacramento RT,90019,Sacramento,CA,DO,12635.102749638205,8730856,691,208,NA
MB,137,,Pace Suburban Bus,50113,Arlington Heights,IL,PT,12438.411764705883,1057265,85,135,NA
MB,138,,Montachusett Regional Transit Authority,10061,Fitchburg,MA,PT,12401.901408450703,880535,71,72,NA
MB,139,,Huntsville Transit,40071,Huntsville,AL,DO,12097.333333333334,798424,66,271,NA
MB,140,,Toledo Area Regional Transit Authority,50022,Toledo,OH,DO,12020.990291262136,2476324,206,,
MB,141,,EC RIDER,40128,Crestview,FL,PT,11763.828571428572,411734,35,167,NA
MB,142,,Santa Barbara Metropolitan Transit District,90020,Santa Barbara,CA,DO,11637.18,2327436,200,185,NA
MB,143,,GoTriangle,40108,Durham,NC,DO,11503.602040816326,2254706,196,182,NA
MB,144,,Terre Haute Transit Utility,50053,Terre Haute,IN,DO,11356.4,397474,35,201,NA
MB,145,,Johnson County Transit,70035,Olathe,KS,PT,11238.63829787234,1584648,141,193,NA
MB,146,,Lehigh and Northampton Transportation Authority,30010,Allentown,PA,PT,11125.25,44501,4,,
MB,147,,Tompkins Consolidated Area Transit,20145,Ithaca,NY,DO,11091.775862068966,1286646,116,161,NA
MB,148,,Capital Area Transportation Authority,50036,Lansing,MI,DO,11083.801801801801,3690906,333,234,NA
MB,149,,Ben Franklin Transit,00018,Richland,WA,DO,11004.692537313433,3686572,335,,
MB,150,,Riverside Transit Agency,90031,Riverside,CA,PT,10913.340823970037,2913862,267,248,NA
MB,151,,OMNI,90029,San Bernardino,CA,PT,10840.341463414634,444454,41,230,NA
MB,152,,San Francisco Municipal Transportation Agency,90015,San Francisco,CA,DO,10807.239575435937,14254749,1319,191,NA
MB,153,,Trinity Metro,60007,Fort Worth,TX,DO,10804.566433566433,6180212,572,194,NA
MB,154,,Santa Rosa CityBus,90017,Santa Rosa,CA,DO,10796.547945205479,788148,73,186,NA
MB,155,,River Valley Transit Authority,30026,Williamsport,PA,DO,10703.471264367816,931202,87,225,NA
MB,156,,Bay Metro,50029,Bay City,MI,DO,10579.420289855072,729980,69,103,NA
MB,157,1,New Jersey Transit Corporation,20080,Newark,NJ,DO,10546.766038557891,96829859,9181,237,1
MB,158,,Cedar Rapids Transit,70008,Cedar Rapids,IA,DO,10535.483870967742,979800,93,218,NA
MB,159,,TransIt Services of Frederick,30072,Frederick,MD,DO,10524.95890410959,768322,73,221,NA
MB,160,,WestCAT,90159,Pinole,CA,PT,10423.75,917290,88,117,NA
MB,161,,METRO Regional Transit Authority,50010,Akron,OH,DO,10325.19761904762,4336583,420,284,NA
MB,162,,RiverCities Transit,00016,Longview,WA,DO,10226.805555555555,368165,36,116,NA
MB,163,,Valley Regional Transit,00011,Meridian,ID,PT,10107.177631578947,1536291,152,137,NA
MB,164,2,MTA New York City Transit,20008,Brooklyn,NY,DO,9992.451643192488,95777649,9585,240,2
MB,165,,Knoxville Area Transit,40002,Knoxville,TN,DO,9990.771739130434,2757453,276,195,NA
MB,166,,Valley Metro,30007,Roanoke,VA,DO,9875.034682080925,1708381,173,123,NA
MB,167,,Decatur Public Transit System,50061,Decatur,IL,PT,9844.607843137255,1004150,102,121,NA
MB,168,,Ride Gwinnett,40138,Lawrenceville,GA,PT,9816.691176470587,2002605,204,216,NA
MB,169,,WeGo Public Transit,40004,Madison,TN,DO,9788.496561210453,7116237,727,273,NA
MB,170,3,Dallas Area Rapid Transit,60056,Dallas,TX,DO,9720.219639139486,28013673,2882,277,NA
MB,171,,Lextran,40017,Lexington,KY,DO,9665.648514851486,1952461,202,235,NA
MB,172,,The B,60051,Corpus Christi,TX,PT,9660.853658536585,792190,82,190,NA
MB,173,,SunLine,90079,Thousand Palms,CA,DO,9563.606145251397,3423771,358,308,NA
MB,174,,Lane Transit District,00007,Eugene,OR,PT,9426.916666666666,113123,12,147,NA
MB,175,,Orange County Transportation Authority,90036,Orange,CA,PT,9350.94387755102,7331140,784,236,NA
MB,176,,Beaumont Municipal Transit System,60016,Beaumont,TX,PT,9203.638888888889,662662,72,115,NA
MB,177,,AC Transit,90014,Oakland,CA,DO,9203.247830802604,16970789,1844,259,NA
MB,178,,Valley Transit,50001,Appleton,WI,DO,9171.329787234043,862105,94,241,NA
MB,179,,Central Florida Regional Transportation Authority,40035,Orlando,FL,DO,9107.594535519125,16666898,1830,249,NA
MB,180,,Eau Claire Transit,50099,Eau Claire,WI,DO,9035.575,722846,80,247,NA
MB,181,,"Tulsa Transit, MetroLink Tulsa",60018,Tulsa,OK,PT,9017.228571428572,315603,35,183,NA
MB,182,,Unitrans,90142,Davis,CA,DO,8972.456790123457,726769,81,231,NA
MB,183,,Metro,90154,Los Angeles,CA,PT,8869.804347826086,6528176,736,220,NA
MB,184,,Foothill Transit,90146,West Covina,CA,PT,8768.84090909091,15047331,1716,261,NA
MB,185,,C-TRAN,00024,Vancouver,WA,DO,8704.480079681274,4369649,502,275,NA
MB,186,,Victor Valley Transit Authority,90148,Hesperia,CA,PT,8701.395408163266,3410947,392,232,NA
MB,187,,Luzerne County Transportation Authority,30015,Kingston,PA,DO,8686.295774647888,1233454,142,300,NA
MB,188,,Montebello Bus Lines,90041,Montebello,CA,DO,8518.11330049261,1729177,203,245,NA
MB,189,,Culver CityBus,90039,Culver City,CA,DO,8494.047337278107,1435494,169,314,NA
MB,190,,Lane Transit District,00007,Eugene,OR,DO,8413.45652173913,2322114,276,265,NA
MB,191,,University of Iowa,70019,Iowa City,IA,DO,8222.76,616707,75,250,NA
MB,192,,Brownsville Metro,60014,Brownsville,TX,DO,8214.566037735849,870744,106,255,NA
MB,193,,Utah Transit Authority,80001,Salt Lake City,UT,DO,8093.41135734072,17530329,2166,224,NA
MB,194,,Blue Water Area Transit,50148,Port Huron,MI,DO,8018.392156862745,408938,51,209,NA
MB,195,,Pueblo Transit,80007,Pueblo,CO,DO,7906.777777777777,498127,63,278,NA
MB,196,,Galveston Island Transit,60015,Galveston,TX,DO,7905.133333333333,237154,30,290,NA
MB,197,,Citrus Connection,40031,Lakeland,FL,DO,7903.477386934674,1572792,199,267,NA
MB,198,,Gold Coast Transit District,90035,Oxnard,CA,DO,7858.979522184301,2302681,293,244,NA
MB,199,,Green Mountain Transit Authority,10066,Burlington,VT,DO,7815.448979591837,1531828,196,153,NA
MB,200,,Greater Lynchburg Transit Company,30008,Lynchburg,VA,DO,7777.170370370371,1049918,135,81,NA
MB,201,,Orange County Transportation Authority,90036,Orange,CA,DO,7774.057361376673,12197496,1569,251,NA
MB,202,,Pittsburgh Regional Transit,30022,Pittsburgh,PA,DO,7762.139014906027,23953961,3086,292,NA
MB,203,4,Washington Metro,30030,Washington,DC,DO,7711.492532414246,46986124,6093,262,3
MB,204,,Rochester Public Transit,50092,Rochester,MN,PT,7708.840375586855,1641983,213,211,NA
MB,205,,TriMet,00008,Portland,OR,DO,7696.563143445436,22427785,2914,238,NA
MB,206,,Great Falls Transit District,80012,Great Falls,MT,DO,7677.836065573771,468348,61,281,NA
MB,207,,MTA,30034,Baltimore,MD,DO,7677.128793225123,21756983,2834,263,NA
MB,208,,Community Transit,00029,Everett,WA,DO,7673.359081419624,7351078,958,257,NA
MB,209,,Birmingham-Jefferson County Transit Authority,40042,Birmingham,AL,DO,7661.581081081081,1700871,222,299,NA
MB,210,,Centre Area Transportation Authority,30054,State College,PA,DO,7535.666666666667,1537276,204,204,NA
MB,211,,Arlington Transit,30080,Arlington,VA,PT,7404.295373665481,2080607,281,229,NA
MB,212,,Central Ohio Transit Authority,50016,Columbus,OH,DO,7380.1546052631575,11217835,1520,270,NA
MB,213,,Pottstown Area Rapid Transit,30077,Pottstown,PA,PT,7317.7,292708,40,377,NA
MB,214,,Athens-Clarke County Transit Department,40047,Athens,GA,DO,7296.636363636364,802630,110,325,NA
MB,215,,"Tulsa Transit, MetroLink Tulsa",60018,Tulsa,OK,DO,7216.688654353562,2735125,379,253,NA
MB,216,,Capital District Transportation Authority,20002,Albany,NY,DO,7213.656271656272,10409306,1443,305,NA
MB,217,,Transpo,50052,South Bend,IN,DO,7205.890625,1383531,192,342,NA
MB,218,,IndyGo,50050,Indianapolis,IN,DO,7169.101229895932,7577740,1057,363,NA
MB,219,,Ulster County Area Transit,20178,Kingston,NY,DO,7160.275862068966,1038240,145,197,NA
MB,220,,New York Regional Transportation Authority,20018,Syracuse,NY,DO,7110.101806239737,4330052,609,219,NA
MB,221,,Golden Empire Transit District,90004,Bakersfield,CA,DO,7104.545893719806,2941282,414,340,NA
MB,222,,City of Los Angeles,90147,Los Angeles,CA,PT,7046.5455357142855,7892131,1120,269,NA
MB,223,,Delaware Transit Corporation,30075,Dover,DE,PT,6997.217741935484,1735310,248,25,NA
MB,224,,Pierce Transit,00003,Lakewood,WA,DO,6956.106442577031,4966660,714,280,NA
MB,225,,Ride On,30051,Rockville,MD,DO,6917.242452392011,14892823,2153,285,NA
MB,226,,Fairfax Connector Bus System,30068,Fairfax,VA,PT,6880.564274651523,13327653,1937,313,NA
MB,227,,Prince George's County Transit/TheBus,30085,Upper Marlboro,MD,PT,6842.163599182004,3345818,489,264,NA
MB,228,,Wichita Transit,70015,Wichita,KS,DO,6835.836,1708959,250,350,NA
MB,229,,Transfort,80011,Fort Collins,CO,DO,6785.119760479042,1133115,167,339,NA
MB,230,,San Diego Metropolitan Transit System,90026,San Diego,CA,DO,6780.474966170501,10021542,1478,286,NA
MB,231,,Westchester County - Bee Line,20076,White Plains,NY,PT,6748.268993839835,9859221,1461,322,NA
MB,232,,Metro Bus,50028,Saint Cloud,MN,DO,6722.179487179487,1048660,156,166,NA
MB,233,,Kenosha Area Transit,50003,Kenosha,WI,DO,6631.138686131387,908466,137,272,NA
MB,234,,Champaign-Urbana Mass Transit District,50060,Urbana,IL,DO,6620.438177874186,3052022,461,268,NA
MB,235,,The Rapid,50033,Grand Rapids,MI,DO,6614.617610062893,5258621,795,282,NA
MB,236,,DATTCO,10045,New Britain,CT,PT,6525.806451612903,202300,31,283,NA
MB,237,,Breeze Transit,40046,Sarasota,FL,DO,6486.233226837061,2030191,313,260,NA
MB,238,,Nashua Transit System,10087,Nashua,NH,PT,6465.444444444444,407323,63,242,NA
MB,239,,SporTran,60024,Shreveport,LA,DO,6429.4786585365855,2108869,328,158,NA
MB,240,,Coralville Transit System,70030,Coralville,IA,DO,6418.96875,205407,32,333,NA
MB,241,,GoDurham,40087,Durham,NC,PT,6418.312807881774,2605835,406,165,NA
MB,242,,Yakima Transit,00006,Yakima,WA,DO,6341.15,760938,120,296,NA
MB,243,,San Diego Metropolitan Transit System,90026,San Diego,CA,PT,6323.4169927333705,11312593,1789,252,NA
MB,244,,Metro Transit,50027,Minneapolis,MN,DO,6320.621881574993,21028709,3327,365,NA
MB,245,,Greater Richmond Transit Company,30006,Richmond,VA,DO,6311.279627163782,4739771,751,329,NA
MB,246,,Iowa City Transit,70018,Iowa City,IA,DO,6270.217391304348,721075,115,181,NA
MB,247,,Wave Transit,40006,Wilmington,NC,PT,6237.692708333333,1197637,192,239,NA
MB,248,,Escambia County Area Transit,40038,Pensacola,FL,DO,6236.365,1247273,200,200,NA
MB,249,,Spokane Transit Authority,00002,Spokane,WA,DO,6219.686258278146,7513381,1208,316,NA
MB,250,,Kanawha Valley Regional Transportation Authority,30001,Charleston,WV,DO,6194.6,2013245,325,417,NA
MB,251,,Mid Mon Valley Transit Authority,30061,Charleroi,PA,PT,6134.378378378378,907888,148,243,NA
MB,252,,Duluth Transit Authority,50025,Duluth,MN,DO,6128.400602409639,2034629,332,356,NA
MB,253,,Transfort,80011,Fort Collins,CO,PT,6117.611111111111,110117,18,100,NA
MB,254,,ABQRIDE,60019,Albuquerque,NM,DO,6077.605462822458,4005142,659,326,NA
MB,255,,Des Moines Area Regional Transit Authority,70010,Des Moines,IA,DO,6029.469613259668,3274002,543,297,NA
MB,256,,RIPTA,10001,Providence,RI,DO,6002.064850136239,11013789,1835,312,NA
MB,257,,Private Transportation Corporation,20175,Brooklyn,NY,PT,5909.0,112271,19,279,NA
MB,258,,City of Madison,50005,Madison,WI,DO,5903.858769931663,5183588,878,345,NA
MB,259,,Santa Clarita Transit,90171,Santa Clarita,CA,PT,5902.219931271477,1717546,291,315,NA
MB,260,,Everett Transit,00005,Everett,WA,DO,5889.978354978355,1360585,231,346,NA
MB,261,,FAST Transit,90092,Fairfield,CA,PT,5869.802325581395,504803,86,324,NA
MB,262,,RYDE Racine,50006,Racine,WI,DO,5861.45508982036,978863,167,302,NA
MB,263,,Berkshire Regional Transit Authority,10007,Pittsfield,MA,PT,5855.9671052631575,890107,152,383,NA
MB,264,5,Southeastern Pennsylvania Transportation Authority,30019,Philadelphia,PA,DO,5833.848341871124,43275487,7418,294,4
MB,265,,City of Charlotte North Carolina,40008,Charlotte,NC,PT,5817.982651796779,9390224,1614,372,NA
MB,266,,Lehigh and Northampton Transportation Authority,30010,Allentown,PA,DO,5772.173967459325,4611967,799,207,NA
MB,267,,Ohio Valley Regional Transportation Authority,30035,Wheeling,WV,DO,5756.285714285715,765586,133,188,NA
MB,268,,Metro / Access,50012,Cincinnati,OH,DO,5745.355947535052,12702982,2211,348,NA
MB,269,,NFTA - Metro Bus & Rail,20004,Buffalo,NY,DO,5743.212183436002,8390833,1461,371,NA
MB,270,,Chattanooga Area Regional Transportation Authority,40001,Chattanooga,TN,DO,5721.4303405572755,1848022,323,336,NA
MB,271,,Pinellas Suncoast Transit Authority,40027,Saint Petersburg,FL,PT,5650.476190476191,474640,84,171,NA
MB,272,,"City of Jackson, MS",40015,Jackson,MS,PT,5649.357723577235,694871,123,310,NA
MB,273,,Fresno Area Express,90027,Fresno,CA,DO,5643.343478260869,5191876,920,293,NA
MB,274,,Sioux Area Metro,80002,Sioux Falls,SD,DO,5426.154639175258,526337,97,338,NA
MB,275,,City of Rome,40058,Rome,GA,DO,5411.92,270596,50,426,NA
MB,276,,Big Blue Bus,90008,Santa Monica,CA,DO,5410.422413793103,4393263,812,304,NA
MB,277,,City of Loveland Transit,80025,Loveland,CO,DO,5285.0298507462685,354097,67,384,NA
MB,278,,Rock Island County Metropolitan Mass Transit District,50057,Moline,IL,DO,5264.0224719101125,2342490,445,353,NA
MB,279,,Sun Tran,90033,Tucson,AZ,PT,5199.023492063492,8188462,1575,376,NA
MB,280,,Cooperative Alliance for Seacoast Transportation,10086,Dover,NH,DO,5170.959349593496,636028,123,347,NA
MB,281,,Riverside Transit Agency,90031,Riverside,CA,DO,5105.717611336032,5044449,988,287,NA
MB,282,,New Orleans Regional Transit Authority,60032,New Orleans,LA,DO,5073.365217391304,6417807,1265,317,NA
MB,283,,"Palm Tran, Inc.",40037,West Palm Beach,FL,DO,5014.29433497537,8143214,1624,199,NA
MB,284,,City and County of Honolulu,90002,Honolulu,HI,PT,4951.003854492893,20551617,4151,367,NA
MB,285,,Waukesha Metro Transit,50096,Waukesha,WI,PT,4929.3,49293,10,373,NA
MB,286,,City of Harrisonburg,30094,Harrisonburg,VA,DO,4821.857142857143,573801,119,369,NA
MB,287,,Manatee County Area Transit,40026,Sarasota,FL,DO,4796.716923076923,1558933,325,364,NA
MB,288,,Greater Dayton Regional Transit Authority,50017,Dayton,OH,DO,4794.508953817153,5086974,1061,331,NA
MB,289,,Brazos Transit District,60059,Bryan,TX,DO,4758.219512195122,975435,205,101,NA
MB,290,,METRO,10016,Portland,ME,DO,4699.48220064725,1452140,309,246,NA
MB,291,,Long Beach Transit,90023,Long Beach,CA,DO,4626.3071334214,7004229,1514,362,NA
MB,292,,Municipality of Anchorage,00012,Anchorage,AK,DO,4602.005649717514,2443665,531,328,NA
MB,293,,Valley Metro,90136,Phoenix,AZ,PT,4577.996195307546,14439000,3154,332,NA
MB,294,,The Hop,60091,Belton,TX,DO,4514.913793103448,523730,116,403,NA
MB,295,,Winston-Salem Transit Authority,40012,Winston Salem,NC,DO,4496.518867924528,1906524,424,318,NA
MB,296,,Delaware Transit Corporation,30075,Dover,DE,DO,4495.701059676519,8060792,1793,432,NA
MB,297,,University of Michigan Parking and Transportation Services,50158,Ann Arbor,MI,DO,4494.053892215569,1501014,334,395,NA
MB,298,,County of Miami-Dade,40034,Miami,FL,PT,4480.594847775175,1913214,427,361,NA
MB,299,,Jackson Transit Authority,40057,Jackson,TN,DO,4466.190476190476,468950,105,380,NA
MB,300,6,METRO,60008,Houston,TX,DO,4414.86884088663,31270516,7083,330,5
MB,301,,GTrans,90042,Gardena,CA,DO,4367.928057553957,1214284,278,370,NA
MB,302,,Fayetteville Area System of Transit,40009,Fayetteville,NC,DO,4328.3381818181815,1190293,275,366,NA
MB,303,,Jackson Area Transportation Authority,50034,Jackson,MI,DO,4313.153846153846,336426,78,355,NA
MB,304,,VIA,60011,San Antonio,TX,DO,4203.6234913793105,19504813,4640,357,NA
MB,305,,CUE Bus,30058,Fairfax,VA,DO,4193.7663551401865,448733,107,374,NA
MB,306,,Laketran,50117,Painesville,OH,DO,4123.105084745763,1216316,295,295,NA
MB,307,,Suburban Mobility Authority for Regional Transportation,50031,Detroit,MI,DO,4090.4105936722362,11506325,2813,392,NA
MB,308,,OMNI,90029,San Bernardino,CA,DO,4083.446941323346,6541682,1602,411,NA
MB,309,,METRO,60008,Houston,TX,PT,4018.5951634572325,8973523,2233,378,NA
MB,310,,Greater Bridgeport Transit Authority,10050,Bridgeport,CT,DO,3968.168490153173,1813453,457,335,NA
MB,311,,CTTransit,10055,Hartford,CT,DO,3933.5493975903614,4897269,1245,344,NA
MB,312,,San Joaquin RTD,90012,Stockton,CA,DO,3913.008163265306,1917374,490,343,NA
MB,313,,Torrance Transit System,90010,Torrance,CA,DO,3865.7085714285713,1352998,350,393,NA
MB,314,,Hillsborough Area Regional Transit Authority,40041,Tampa,FL,DO,3843.5770053475935,7187489,1870,379,NA
MB,315,,COAST TRANSIT AUTHORITY,40014,Gulfport,MS,DO,3769.675799086758,825559,219,298,NA
MB,316,,Regional Transit Service,20113,Rochester,NY,DO,3764.2285497342446,4957489,1317,105,NA
MB,317,,StarTran,70001,Lincoln,NE,DO,3710.824200913242,1625341,438,352,NA
MB,318,,Sangamon Mass Transit District,50059,Springfield,IL,DO,3703.1632653061224,1814550,490,381,NA
MB,319,,Michiana Area Council of Governments,50149,South Bend,IN,PT,3645.6201117318437,652566,179,291,NA
MB,320,,OmniRide,30070,Woodbridge,VA,PT,3635.345971563981,1534116,422,391,NA
MB,321,7,Metro,90154,Los Angeles,CA,DO,3633.8321499425706,69602421,19154,389,7
MB,322,8,County of Miami-Dade,40034,Miami,FL,DO,3554.149542217701,31443561,8847,396,NA
MB,323,,Milwaukee County Transit System,50008,Milwaukee,WI,PT,3387.909340121402,17302053,5107,409,NA
MB,324,,Mountain Metropolitan Transit,80005,Colorado Springs,CO,PT,3379.304301075269,3142753,930,421,NA
MB,325,,Citibus,60010,Lubbock,TX,DO,3349.833740831296,1370082,409,354,NA
MB,326,,City of Tallahassee,40036,Tallahassee,FL,DO,3328.022033898305,1963533,590,386,NA
MB,327,,Autoridad de Transporte Integrado,40094,San Juan,PR,PT,3201.439790575916,1222950,382,385,NA
MB,328,,Broward County Transit Division,40029,Fort Lauderdale,FL,DO,3167.6006619937693,16268797,5136,398,NA
MB,329,,MTA Metro-North Railroad,20078,New York,NY,PT,3159.1935483870966,195870,62,414,NA
MB,330,,Valley Transit,50001,Appleton,WI,PT,3141.0,6282,2,311,NA
MB,331,,Norwalk Transit District,10057,Norwalk,CT,DO,3129.712121212121,826244,264,360,NA
MB,332,,Gary Public Transportation Corporation,50045,Gary,IN,DO,3115.2371541501975,788155,253,433,NA
MB,333,,The Tri-State Transit Authority,30002,Huntington,WV,DO,3114.291095890411,909373,292,412,NA
MB,334,,VOTRAN,40032,Daytona Beach,FL,DO,3097.9216539717086,2846990,919,319,NA
MB,335,,CamTran,30012,Johnstown,PA,DO,3004.549597855228,1120697,373,415,NA
MB,336,9,King County Metro,00001,Seattle,WA,DO,2980.93315212775,35094526,11773,413,8
MB,337,,Metro Transit,50035,Kalamazoo,MI,DO,2879.7471264367814,1503228,522,404,NA
MB,338,,Capital Area Transit System,60022,Baton Rouge,LA,DO,2831.3530054644807,2590688,915,368,NA
MB,339,,City Of La Crosse MTU,50004,La Crosse,WI,DO,2825.093655589124,935106,331,399,NA
MB,340,,Rockford Mass Transit District,50058,Rockford,IL,DO,2795.8193277310925,1330810,476,401,NA
MB,341,,Brockton Area Transit Authority,10004,Brockton,MA,PT,2778.598639455782,1225362,441,400,NA
MB,342,,The COMET,40141,Columbia,SC,PT,2739.0859375,2454221,896,,
MB,343,,City Utilities of Springfield MO,70003,Springfield,MO,DO,2618.9326923076924,1089476,416,407,NA
MB,344,10,Metropolitan Atlanta Rapid Transit Authority,40022,Atlanta,GA,DO,2604.6332911269114,26741770,10267,424,9
MB,345,,Connect Transit,50047,Normal,IL,DO,2602.73031496063,1322187,508,429,NA
MB,346,,CyRide,70041,Ames,IA,DO,2557.109404990403,1332254,521,375,NA
MB,347,,Detroit Department of Transportation,50119,Detroit,MI,DO,2509.091044037605,10141746,4042,427,NA
MB,348,,Southeast Area Transit District,10040,Preston,CT,DO,2484.5489749430526,1090717,439,420,NA
MB,349,,Memphis Area Transit Authority,40003,Memphis,TN,DO,2483.737456242707,4257126,1714,423,NA
MB,350,,SLO Transit,90156,San Luis Obispo,CA,PT,2426.3503649635036,332410,137,416,NA
MB,351,,CTTransit,10056,Hartford,CT,DO,2423.974626865672,1624063,670,410,NA
MB,352,,Transit Authority of River City,40018,Louisville,KY,DO,2344.2057474778353,7667897,3271,436,NA
MB,353,,BC Transit,20003,Binghamton,NY,DO,2291.6072727272726,1260384,550,434,NA
MB,354,,Norwalk Transit System,90022,Norwalk,CA,DO,2288.8248847926266,993350,434,422,NA
MB,355,,River Valley Metro Mass Transit District,50159,Bourbonnais,IL,PT,2232.4154228855723,897431,402,425,NA
MB,356,11,Chicago Transit Authority,50066,Chicago,IL,DO,2105.1856132482317,48815044,23188,428,10
MB,357,,Stark Area Regional Transit Authority,50011,Canton,OH,DO,2066.1067708333335,2380155,1152,419,NA
MB,358,,Lafayette Transit System,60038,Lafayette,LA,DO,2049.7125,819885,400,438,NA
MB,359,,Albany Transit System,40021,Albany,GA,DO,2048.6627906976746,352370,172,437,NA
MB,360,,Capital Metro,60048,Austin,TX,PT,1864.807745987439,16033617,8598,444,NA
MB,361,,City of Glendale,90034,Glendale,AZ,DO,1820.8235294117646,92862,51,405,NA
MB,362,,Worcester Regional Transit Authority,10014,Worcester,MA,DO,1785.3385631709332,2162045,1211,443,NA
MB,363,,Metro,70002,Omaha,NE,DO,1785.0503823661718,3968167,2223,442,NA
MB,364,,CityLink,50056,Peoria,IL,DO,1706.4821834723275,2250850,1319,435,NA
MB,365,,Blacksburg Transit,30091,Blacksburg,VA,DO,1693.5938697318009,884056,522,408,NA
MB,366,,Southeastern Regional Transit Authority,10006,New Bedford,MA,PT,1386.039695945946,1641071,1184,402,NA
MB,367,,ART (Asheville Rides Transit),40005,Asheville,NC,PT,1060.4345047923323,1327664,1252,447,NA
MB,368,,GoCOMO,70016,Columbia,MO,DO,908.8136882129278,239018,263,439,NA
MB,369,,DASH,30071,Alexandria,VA,DO,789.4992,2960622,3750,110,NA
MB,370,,Valley Transportation Authority,90013,San Jose,CA,DO,599.8112850024563,17093422,28498,446,NA
MB,371,,Augusta Transit,40023,Augusta,GA,PT,532.7992315081652,554644,1041,448,NA
